build_id,group,first_commit_ts,ts,deployed_at,served_at,usage,loc_added,loc_removed,bugs,cost_usd,question,carried_into
agent-heavy-2025-11-00,agent-heavy,2025-10-29T02:15+00:00,2025-11-01T09:33+00:00,2025-11-05T06:02+00:00,2025-11-09T02:32+00:00,18.2,126,77,0,1527.13,features,
agent-heavy-2025-11-01,agent-heavy,2025-10-27T14:48+00:00,2025-11-03T05:23+00:00,,,,238,49,0,1477.89,features,agent-heavy-carry-01
agent-heavy-2025-11-02,agent-heavy,2025-10-29T07:54+00:00,2025-11-04T22:29+00:00,,,,255,92,2,1540.79,correctness,
agent-heavy-2025-11-03,agent-heavy,2025-10-31T02:07+00:00,2025-11-06T16:42+00:00,,,,194,22,2,1507.25,correctness,
agent-heavy-2025-11-04,agent-heavy,2025-11-01T13:21+00:00,2025-11-08T03:56+00:00,,,,257,97,0,1512.07,features,agent-heavy-carry-04
agent-heavy-2025-11-05,agent-heavy,2025-11-05T23:22+00:00,2025-11-09T22:31+00:00,2025-11-14T13:30+00:00,2025-11-19T04:30+00:00,105511.2,224,83,2,1425.06,performance,
agent-heavy-2025-11-06,agent-heavy,2025-11-06T09:08+00:00,2025-11-11T00:08+00:00,2025-11-16T09:37+00:00,2025-11-21T19:07+00:00,31.6,194,50,0,1507.12,features,
agent-heavy-2025-11-07,agent-heavy,2025-11-07T07:25+00:00,2025-11-12T14:17+00:00,2025-11-18T18:16+00:00,2025-11-24T22:16+00:00,68793.7,272,23,1,1508.74,features,
agent-heavy-2025-11-08,agent-heavy,2025-11-08T22:22+00:00,2025-11-14T21:05+00:00,2025-11-21T19:34+00:00,2025-11-28T18:04+00:00,59841.2,245,76,3,1513.76,features,
agent-heavy-2025-11-09,agent-heavy,2025-11-09T14:01+00:00,2025-11-16T04:36+00:00,2025-11-23T21:35+00:00,2025-12-01T14:35+00:00,24.1,276,60,4,1541.89,features,
agent-heavy-2025-11-10,agent-heavy,2025-11-10T22:45+00:00,2025-11-17T13:20+00:00,2025-11-25T06:19+00:00,,0,272,29,1,1553.21,performance,
agent-heavy-2025-11-11,agent-heavy,2025-11-12T20:27+00:00,2025-11-19T11:02+00:00,2025-11-27T04:01+00:00,,0,225,93,1,1545.78,correctness,
agent-heavy-2025-11-12,agent-heavy,2025-11-13T05:11+00:00,2025-11-20T11:37+00:00,2025-11-28T23:06+00:00,2025-12-07T10:36+00:00,146178.2,130,49,0,1576.88,economics,
agent-heavy-2025-11-13,agent-heavy,2025-11-14T16:52+00:00,2025-11-22T15:10+00:00,2025-12-01T21:09+00:00,2025-12-11T03:09+00:00,12.0,252,45,0,1550.99,correctness,
agent-heavy-2025-11-14,agent-heavy,2025-11-17T20:02+00:00,2025-11-24T10:37+00:00,,,,79,71,1,1448.38,features,agent-heavy-carry-14
agent-heavy-2025-11-15,agent-heavy,2025-11-17T12:27+00:00,2025-11-26T02:36+00:00,2025-12-06T03:05+00:00,2025-12-16T03:35+00:00,72564.5,349,87,0,1582.21,performance,
agent-heavy-2025-11-16,agent-heavy,2025-11-18T09:47+00:00,2025-11-27T15:47+00:00,2025-12-08T10:46+00:00,2025-12-19T05:46+00:00,6.6,206,50,1,1490.87,features,
agent-heavy-2025-11-17,agent-heavy,2025-11-18T14:27+00:00,2025-11-28T12:19+00:00,2025-12-10T01:48+00:00,2025-12-21T15:18+00:00,97889.3,270,91,0,1523.88,economics,
agent-heavy-2025-12-00,agent-heavy,2025-11-28T22:28+00:00,2025-12-01T22:46+00:00,2025-12-05T11:06+00:00,2025-12-08T23:26+00:00,116320.1,166,80,1,1394.1,performance,
agent-heavy-2025-12-01,agent-heavy,2025-11-29T05:52+00:00,2025-12-02T20:36+00:00,2025-12-07T01:48+00:00,2025-12-11T07:00+00:00,66764.0,204,88,2,1321.51,performance,
agent-heavy-2025-12-02,agent-heavy,2025-11-29T02:14+00:00,2025-12-05T02:48+00:00,2025-12-12T03:28+00:00,,0,133,42,0,1348.94,economics,
agent-heavy-2025-12-03,agent-heavy,2025-11-29T19:03+00:00,2025-12-05T19:38+00:00,,,,89,46,2,1412.86,correctness,
agent-heavy-2025-12-04,agent-heavy,2025-12-03T17:00+00:00,2025-12-07T22:12+00:00,2025-12-12T20:16+00:00,2025-12-17T18:20+00:00,24.6,335,25,0,1372.23,features,
agent-heavy-2025-12-05,agent-heavy,2025-12-02T22:26+00:00,2025-12-08T23:00+00:00,,,,247,43,0,1350.47,economics,
agent-heavy-2025-12-06,agent-heavy,2025-12-06T04:24+00:00,2025-12-11T00:04+00:00,2025-12-16T15:00+00:00,2025-12-22T05:56+00:00,51305.6,298,40,1,1479.79,features,
agent-heavy-2025-12-07,agent-heavy,2025-12-06T20:38+00:00,2025-12-12T21:12+00:00,,,,244,67,1,1294.47,features,agent-heavy-carry-07
agent-heavy-2025-12-08,agent-heavy,2025-12-08T09:27+00:00,2025-12-13T19:34+00:00,2025-12-20T03:22+00:00,2025-12-26T11:10+00:00,58759.4,136,88,0,1413.75,performance,
agent-heavy-2025-12-09,agent-heavy,2025-12-09T22:45+00:00,2025-12-15T23:20+00:00,2025-12-23T00:00+00:00,,0,185,48,2,1478.68,features,
agent-heavy-2025-12-10,agent-heavy,2025-12-10T23:17+00:00,2025-12-16T23:51+00:00,,,,239,90,0,1454.14,correctness,agent-heavy-carry-10
agent-heavy-2025-12-11,agent-heavy,2025-12-12T12:43+00:00,2025-12-18T13:17+00:00,2025-12-25T13:57+00:00,2026-01-01T14:37+00:00,11.2,310,50,1,1531.32,features,
agent-heavy-2025-12-12,agent-heavy,2025-12-13T23:25+00:00,2025-12-20T00:00+00:00,,,,283,35,0,1337.4,features,agent-heavy-carry-12
agent-heavy-2025-12-13,agent-heavy,2025-12-15T11:32+00:00,2025-12-22T02:33+00:00,2025-12-29T20:05+00:00,2026-01-06T13:37+00:00,175321.8,184,83,0,1422.32,correctness,
agent-heavy-2025-12-14,agent-heavy,2025-12-16T00:00+00:00,2025-12-23T05:29+00:00,2025-12-31T15:53+00:00,2026-01-09T02:17+00:00,32.5,271,132,0,1428.08,features,
agent-heavy-2025-12-15,agent-heavy,2025-12-18T23:57+00:00,2025-12-25T00:32+00:00,,,,253,70,1,1395.55,correctness,
agent-heavy-2025-12-16,agent-heavy,2025-12-18T17:56+00:00,2025-12-26T13:52+00:00,2026-01-04T17:08+00:00,2026-01-13T20:24+00:00,18.2,288,69,4,1387.01,features,
agent-heavy-2025-12-17,agent-heavy,2025-12-19T10:59+00:00,2025-12-27T21:23+00:00,2026-01-06T17:31+00:00,2026-01-16T13:39+00:00,35.8,312,38,0,1303.42,correctness,
agent-heavy-2025-12-18,agent-heavy,2025-12-21T08:40+00:00,2025-12-30T09:32+00:00,2026-01-09T22:32+00:00,2026-01-20T11:32+00:00,70833.2,227,66,2,1322.41,features,
agent-heavy-2026-01-00,agent-heavy,2025-12-29T08:32+00:00,2026-01-01T01:50+00:00,2026-01-04T06:00+00:00,2026-01-07T10:10+00:00,162131.6,253,92,0,1238.32,correctness,
agent-heavy-2026-01-01,agent-heavy,2025-12-28T22:04+00:00,2026-01-03T08:39+00:00,,,,188,83,1,1255.46,features,
agent-heavy-2026-01-02,agent-heavy,2026-01-01T05:30+00:00,2026-01-04T09:41+00:00,2026-01-08T02:32+00:00,2026-01-11T19:24+00:00,194380.7,235,98,0,1269.37,features,
agent-heavy-2026-01-03,agent-heavy,2026-01-02T00:39+00:00,2026-01-05T15:42+00:00,2026-01-09T21:15+00:00,2026-01-14T02:48+00:00,21.4,263,68,0,1232.88,features,
agent-heavy-2026-01-04,agent-heavy,2026-01-02T22:44+00:00,2026-01-07T00:40+00:00,2026-01-11T18:55+00:00,2026-01-16T13:10+00:00,34322.9,151,87,0,1298.88,features,
agent-heavy-2026-01-05,agent-heavy,2026-01-04T02:44+00:00,2026-01-08T15:33+00:00,2026-01-13T22:29+00:00,2026-01-19T05:26+00:00,16.6,235,158,0,1262.13,economics,
agent-heavy-2026-01-06,agent-heavy,2026-01-05T23:38+00:00,2026-01-10T23:20+00:00,2026-01-16T18:58+00:00,2026-01-22T14:36+00:00,16.3,266,18,0,1208.32,features,
agent-heavy-2026-01-07,agent-heavy,2026-01-06T09:59+00:00,2026-01-11T20:34+00:00,2026-01-18T04:54+00:00,2026-01-24T13:14+00:00,33.1,289,32,1,1185.31,features,
agent-heavy-2026-01-08,agent-heavy,2026-01-07T03:21+00:00,2026-01-13T00:49+00:00,2026-01-19T21:50+00:00,2026-01-26T18:52+00:00,64800.0,235,49,2,1262.22,correctness,
agent-heavy-2026-01-09,agent-heavy,2026-01-09T16:56+00:00,2026-01-15T03:31+00:00,,,,328,24,0,1166.57,features,agent-heavy-carry-09
agent-heavy-2026-01-10,agent-heavy,2026-01-10T22:15+00:00,2026-01-16T08:50+00:00,,,,72,96,1,1261.67,correctness,
agent-heavy-2026-01-11,agent-heavy,2026-01-12T17:04+00:00,2026-01-18T03:39+00:00,,,,193,36,1,1313.85,features,
agent-heavy-2026-01-12,agent-heavy,2026-01-13T02:35+00:00,2026-01-19T10:56+00:00,2026-01-26T20:39+00:00,2026-02-03T06:22+00:00,113506.0,309,133,1,1307.47,performance,
agent-heavy-2026-01-13,agent-heavy,2026-01-15T21:35+00:00,2026-01-21T08:10+00:00,,,,400,90,1,1273.81,features,agent-heavy-carry-13
agent-heavy-2026-01-14,agent-heavy,2026-01-15T17:43+00:00,2026-01-22T12:56+00:00,2026-01-30T11:21+00:00,2026-02-07T09:46+00:00,64040.2,230,20,4,1291.5,correctness,
agent-heavy-2026-01-15,agent-heavy,2026-01-16T11:05+00:00,2026-01-23T17:11+00:00,2026-02-01T04:17+00:00,2026-02-09T15:24+00:00,11.2,242,38,2,1267.84,performance,
agent-heavy-2026-01-16,agent-heavy,2026-01-18T01:55+00:00,2026-01-25T18:54+00:00,2026-02-03T18:42+00:00,2026-02-12T18:30+00:00,138748.9,253,71,1,1264.03,features,
agent-heavy-2026-01-17,agent-heavy,2026-01-21T23:26+00:00,2026-01-27T10:01+00:00,2026-02-02T18:21+00:00,,0,167,60,0,1309.79,correctness,
agent-heavy-2026-01-18,agent-heavy,2026-01-20T11:18+00:00,2026-01-28T15:10+00:00,2026-02-07T03:40+00:00,2026-02-16T16:10+00:00,39.5,282,49,2,1327.09,economics,
agent-heavy-2026-01-19,agent-heavy,2026-01-24T12:17+00:00,2026-01-29T22:52+00:00,,,,296,82,0,1179.24,performance,agent-heavy-carry-19
agent-heavy-2026-02-00,agent-heavy,2026-01-29T23:13+00:00,2026-02-01T09:31+00:00,2026-02-04T05:31+00:00,2026-02-07T01:31+00:00,182271.3,164,38,0,1099.44,features,
agent-heavy-2026-02-01,agent-heavy,2026-01-30T18:16+00:00,2026-02-02T16:13+00:00,2026-02-06T01:49+00:00,2026-02-09T11:25+00:00,144319.5,175,77,1,1135.12,features,
agent-heavy-2026-02-02,agent-heavy,2026-02-01T01:12+00:00,2026-02-04T10:49+00:00,2026-02-08T10:01+00:00,2026-02-12T09:13+00:00,25.3,144,103,0,1097.66,performance,
agent-heavy-2026-02-03,agent-heavy,2026-02-01T17:30+00:00,2026-02-05T14:46+00:00,2026-02-10T03:34+00:00,2026-02-14T16:22+00:00,180994.3,251,113,0,1181.16,performance,
agent-heavy-2026-02-04,agent-heavy,2026-02-02T13:14+00:00,2026-02-07T09:49+00:00,,,,241,65,0,1089.67,features,agent-heavy-carry-04
agent-heavy-2026-02-05,agent-heavy,2026-02-04T14:43+00:00,2026-02-09T11:18+00:00,,,,312,41,1,1102.61,features,agent-heavy-carry-05
agent-heavy-2026-02-06,agent-heavy,2026-02-06T11:45+00:00,2026-02-10T20:40+00:00,2026-02-15T23:04+00:00,2026-02-21T01:28+00:00,83342.9,139,62,1,1204.47,features,
agent-heavy-2026-02-07,agent-heavy,2026-02-06T15:26+00:00,2026-02-11T12:01+00:00,2026-02-17T04:01+00:00,2026-02-22T20:01+00:00,39.0,179,65,0,1055.23,correctness,
agent-heavy-2026-02-08,agent-heavy,2026-02-08T07:21+00:00,2026-02-13T03:56+00:00,,,,128,44,2,1133.18,features,
agent-heavy-2026-02-09,agent-heavy,2026-02-10T00:25+00:00,2026-02-14T21:00+00:00,,,,327,76,1,1035.48,features,
agent-heavy-2026-02-10,agent-heavy,2026-02-11T05:30+00:00,2026-02-16T13:44+00:00,2026-02-22T19:20+00:00,2026-03-01T00:56+00:00,20.1,192,67,2,1110.88,performance,
agent-heavy-2026-02-11,agent-heavy,2026-02-13T08:59+00:00,2026-02-18T05:34+00:00,2026-02-23T21:34+00:00,,0,128,65,1,1177.2,correctness,
agent-heavy-2026-02-12,agent-heavy,2026-02-13T19:27+00:00,2026-02-19T15:21+00:00,2026-02-26T10:33+00:00,2026-03-05T05:45+00:00,15.6,365,22,2,1105.41,correctness,
agent-heavy-2026-02-13,agent-heavy,2026-02-16T06:08+00:00,2026-02-21T02:43+00:00,,,,285,60,0,1135.18,correctness,
agent-heavy-2026-02-14,agent-heavy,2026-02-17T21:20+00:00,2026-02-22T17:55+00:00,,,,331,94,0,1198.02,economics,agent-heavy-carry-14
agent-heavy-2026-02-15,agent-heavy,2026-02-17T12:31+00:00,2026-02-23T20:04+00:00,2026-03-03T04:52+00:00,2026-03-10T13:40+00:00,75148.3,317,79,1,1068.38,features,
agent-heavy-2026-02-16,agent-heavy,2026-02-19T03:51+00:00,2026-02-25T23:04+00:00,2026-03-05T21:28+00:00,2026-03-13T19:52+00:00,34.4,149,43,1,1132.56,economics,
agent-heavy-2026-02-17,agent-heavy,2026-02-19T08:58+00:00,2026-02-26T15:50+00:00,2026-03-07T03:50+00:00,2026-03-15T15:50+00:00,152465.9,209,88,0,1105.28,features,
agent-heavy-2026-03-00,agent-heavy,2026-02-27T17:48+00:00,2026-03-01T21:06+00:00,2026-03-04T08:56+00:00,2026-03-06T20:46+00:00,25610.6,110,66,0,1038.92,features,
agent-heavy-2026-03-01,agent-heavy,2026-02-26T09:59+00:00,2026-03-02T16:33+00:00,,,,215,24,3,1010.35,correctness,
agent-heavy-2026-03-02,agent-heavy,2026-03-02T01:58+00:00,2026-03-04T14:35+00:00,2026-03-07T13:18+00:00,2026-03-10T12:00+00:00,9.9,192,22,0,992.11,features,
agent-heavy-2026-03-03,agent-heavy,2026-03-02T21:54+00:00,2026-03-05T19:51+00:00,2026-03-09T05:26+00:00,2026-03-12T15:02+00:00,149641.3,215,64,1,995.47,correctness,
agent-heavy-2026-03-04,agent-heavy,2026-03-03T23:31+00:00,2026-03-08T06:05+00:00,,,,186,96,0,1024.65,correctness,
agent-heavy-2026-03-05,agent-heavy,2026-03-06T11:11+00:00,2026-03-09T18:27+00:00,2026-03-13T14:55+00:00,2026-03-17T11:24+00:00,28.1,353,44,0,951.43,features,
agent-heavy-2026-03-06,agent-heavy,2026-03-07T05:25+00:00,2026-03-10T22:01+00:00,2026-03-15T05:22+00:00,2026-03-19T12:43+00:00,35.0,197,42,0,1013.26,features,
agent-heavy-2026-03-07,agent-heavy,2026-03-07T19:25+00:00,2026-03-12T01:59+00:00,,,,231,87,0,1114.1,features,
agent-heavy-2026-03-08,agent-heavy,2026-03-10T12:43+00:00,2026-03-14T14:38+00:00,2026-03-19T08:52+00:00,2026-03-24T03:06+00:00,30186.0,147,21,1,998.39,features,
agent-heavy-2026-03-09,agent-heavy,2026-03-11T10:21+00:00,2026-03-15T16:56+00:00,,,,183,65,0,1051.32,correctness,agent-heavy-carry-09
agent-heavy-2026-03-10,agent-heavy,2026-03-13T00:13+00:00,2026-03-17T11:27+00:00,2026-03-22T16:34+00:00,2026-03-27T21:40+00:00,189869.6,189,35,1,1033.11,correctness,
agent-heavy-2026-03-11,agent-heavy,2026-03-13T17:16+00:00,2026-03-18T13:50+00:00,2026-03-24T05:49+00:00,2026-03-29T21:49+00:00,12.2,252,14,0,1004.26,features,
agent-heavy-2026-03-12,agent-heavy,2026-03-16T09:20+00:00,2026-03-20T15:55+00:00,,,,320,25,1,1029.52,economics,agent-heavy-carry-12
agent-heavy-2026-03-13,agent-heavy,2026-03-18T03:53+00:00,2026-03-22T10:27+00:00,2026-03-27T10:08+00:00,,0,306,75,0,990.2,performance,
agent-heavy-2026-03-14,agent-heavy,2026-03-18T04:34+00:00,2026-03-23T10:27+00:00,2026-03-29T13:19+00:00,2026-04-04T16:11+00:00,21.2,177,28,0,1043.16,features,
agent-heavy-2026-03-15,agent-heavy,2026-03-19T06:57+00:00,2026-03-24T22:10+00:00,2026-03-31T11:54+00:00,2026-04-07T01:39+00:00,41309.5,274,68,1,1050.35,performance,
agent-heavy-2026-03-16,agent-heavy,2026-03-22T12:31+00:00,2026-03-26T19:05+00:00,,,,197,62,2,1017.9,economics,agent-heavy-carry-16
agent-heavy-2026-03-17,agent-heavy,2026-03-22T04:50+00:00,2026-03-28T05:22+00:00,2026-04-04T06:00+00:00,2026-04-11T06:37+00:00,8642.5,251,28,1,1003.35,features,
agent-heavy-2026-03-18,agent-heavy,2026-03-23T14:44+00:00,2026-03-30T00:36+00:00,2026-04-06T12:06+00:00,2026-04-13T23:36+00:00,132943.5,256,43,0,929.45,performance,
agent-heavy-2026-04-00,agent-heavy,2026-03-29T01:27+00:00,2026-04-01T18:02+00:00,,,,159,84,0,912.23,economics,
agent-heavy-2026-04-01,agent-heavy,2026-03-31T19:29+00:00,2026-04-02T15:47+00:00,2026-04-04T19:27+00:00,2026-04-06T23:07+00:00,23.4,250,37,0,832.51,economics,
agent-heavy-2026-04-02,agent-heavy,2026-04-01T22:45+00:00,2026-04-04T02:26+00:00,2026-04-06T14:42+00:00,2026-04-09T02:59+00:00,135907.6,340,128,2,874.3,features,
agent-heavy-2026-04-03,agent-heavy,2026-04-03T10:58+00:00,2026-04-05T22:01+00:00,2026-04-08T18:54+00:00,2026-04-11T15:47+00:00,55352.1,260,86,0,853.49,correctness,
agent-heavy-2026-04-04,agent-heavy,2026-04-04T13:14+00:00,2026-04-07T07:40+00:00,2026-04-10T13:10+00:00,2026-04-13T18:40+00:00,29.4,95,86,1,828.83,features,
agent-heavy-2026-04-05,agent-heavy,2026-04-05T09:29+00:00,2026-04-08T11:18+00:00,2026-04-12T01:24+00:00,2026-04-15T15:31+00:00,13.9,182,17,1,839.87,correctness,
agent-heavy-2026-04-06,agent-heavy,2026-04-06T03:18+00:00,2026-04-09T19:53+00:00,,,,227,0,0,867.74,features,agent-heavy-carry-06
agent-heavy-2026-04-07,agent-heavy,2026-04-07T20:12+00:00,2026-04-11T05:24+00:00,2026-04-15T04:07+00:00,2026-04-19T02:51+00:00,13.3,201,114,2,893.15,correctness,
agent-heavy-2026-04-08,agent-heavy,2026-04-09T03:28+00:00,2026-04-12T20:03+00:00,2026-04-17T03:23+00:00,2026-04-21T10:43+00:00,100021.7,202,87,1,880.08,features,
agent-heavy-2026-04-09,agent-heavy,2026-04-10T08:40+00:00,2026-04-14T01:15+00:00,,,,262,57,1,842.57,features,
agent-heavy-2026-04-10,agent-heavy,2026-04-12T17:30+00:00,2026-04-16T10:05+00:00,,,,335,20,1,862.89,performance,agent-heavy-carry-10
agent-heavy-2026-04-11,agent-heavy,2026-04-12T23:03+00:00,2026-04-16T23:01+00:00,2026-04-21T14:57+00:00,2026-04-26T06:54+00:00,159544.7,121,73,1,890.45,correctness,
agent-heavy-2026-04-12,agent-heavy,2026-04-15T10:20+00:00,2026-04-19T02:55+00:00,,,,188,61,0,910.09,performance,agent-heavy-carry-12
agent-heavy-2026-04-13,agent-heavy,2026-04-16T01:17+00:00,2026-04-20T08:38+00:00,2026-04-25T09:11+00:00,2026-04-30T09:45+00:00,51319.0,324,54,0,860.8,features,
agent-heavy-2026-04-14,agent-heavy,2026-04-17T05:33+00:00,2026-04-21T20:17+00:00,2026-04-27T05:27+00:00,2026-05-02T14:37+00:00,60495.2,340,90,2,918.37,features,
agent-heavy-2026-04-15,agent-heavy,2026-04-17T23:31+00:00,2026-04-22T21:37+00:00,2026-04-28T15:23+00:00,2026-05-04T09:10+00:00,115255.0,267,76,0,867.09,features,
agent-heavy-2026-04-16,agent-heavy,2026-04-20T22:08+00:00,2026-04-24T14:43+00:00,2026-04-28T22:03+00:00,,0,342,73,0,857.09,correctness,
agent-heavy-2026-04-17,agent-heavy,2026-04-22T00:27+00:00,2026-04-25T17:02+00:00,,,,271,91,0,869.49,features,
agent-heavy-2026-04-18,agent-heavy,2026-04-21T20:59+00:00,2026-04-27T02:28+00:00,2026-05-03T04:51+00:00,2026-05-09T07:15+00:00,36.6,285,114,0,875.4,features,
agent-heavy-2026-04-19,agent-heavy,2026-04-23T12:26+00:00,2026-04-29T01:18+00:00,2026-05-05T12:18+00:00,2026-05-11T23:18+00:00,35.0,213,0,0,855.72,performance,
legacy-owner-2025-11-00,legacy-owner,2025-10-30T10:03+00:00,2025-11-01T10:14+00:00,2025-11-03T18:26+00:00,2025-11-06T02:38+00:00,12202.5,232,78,1,888.4,features,
legacy-owner-2025-11-01,legacy-owner,2025-10-30T20:47+00:00,2025-11-03T21:09+00:00,2025-11-08T13:33+00:00,,0,373,118,0,966.07,features,
legacy-owner-2025-11-02,legacy-owner,2025-11-03T09:31+00:00,2025-11-06T04:58+00:00,2025-11-09T11:39+00:00,2025-11-12T18:20+00:00,30.1,303,91,1,964.03,features,
legacy-owner-2025-11-03,legacy-owner,2025-11-05T03:25+00:00,2025-11-09T03:47+00:00,,,,288,44,1,935.06,features,legacy-owner-carry-03
legacy-owner-2025-11-04,legacy-owner,2025-11-07T10:37+00:00,2025-11-11T10:59+00:00,,,,429,38,1,944.4,correctness,
legacy-owner-2025-11-05,legacy-owner,2025-11-09T20:40+00:00,2025-11-13T21:02+00:00,,,,314,0,0,997.82,features,legacy-owner-carry-05
legacy-owner-2025-11-06,legacy-owner,2025-11-12T03:50+00:00,2025-11-16T04:12+00:00,,,,345,48,1,923.98,performance,
legacy-owner-2025-11-07,legacy-owner,2025-11-14T07:19+00:00,2025-11-17T22:02+00:00,2025-11-22T03:12+00:00,2025-11-26T08:22+00:00,8.0,136,106,2,962.07,economics,
legacy-owner-2025-11-08,legacy-owner,2025-11-16T02:53+00:00,2025-11-20T12:53+00:00,2025-11-25T16:32+00:00,2025-11-30T20:11+00:00,41650.6,308,35,0,935.62,correctness,
legacy-owner-2025-11-09,legacy-owner,2025-11-17T23:17+00:00,2025-11-23T04:33+00:00,2025-11-29T06:40+00:00,2025-12-05T08:48+00:00,14616.2,211,69,0,951.33,correctness,
legacy-owner-2025-11-10,legacy-owner,2025-11-21T15:24+00:00,2025-11-25T15:46+00:00,2025-11-30T08:10+00:00,,0,148,72,1,920.61,features,
legacy-owner-2025-11-11,legacy-owner,2025-11-21T14:15+00:00,2025-11-27T14:47+00:00,2025-12-04T15:23+00:00,2025-12-11T16:00+00:00,36.3,177,36,0,861.3,performance,
legacy-owner-2025-12-00,legacy-owner,2025-11-29T16:00+00:00,2025-12-01T22:24+00:00,2025-12-04T13:51+00:00,2025-12-07T05:19+00:00,26768.4,300,39,0,1039.64,correctness,
legacy-owner-2025-12-01,legacy-owner,2025-11-30T15:42+00:00,2025-12-03T16:14+00:00,2025-12-07T04:51+00:00,2025-12-10T17:28+00:00,36.1,316,55,0,1002.39,features,
legacy-owner-2025-12-02,legacy-owner,2025-12-02T07:38+00:00,2025-12-06T02:18+00:00,2025-12-10T12:04+00:00,2025-12-14T21:50+00:00,82121.8,343,36,0,1076.34,correctness,
legacy-owner-2025-12-03,legacy-owner,2025-12-03T12:17+00:00,2025-12-08T01:05+00:00,,,,260,68,1,1052.47,features,
legacy-owner-2025-12-04,legacy-owner,2025-12-06T16:37+00:00,2025-12-11T05:25+00:00,2025-12-16T12:20+00:00,,0,238,126,1,1071.44,correctness,
legacy-owner-2025-12-05,legacy-owner,2025-12-08T18:08+00:00,2025-12-13T06:56+00:00,2025-12-18T13:52+00:00,,0,275,101,3,1037.65,features,
legacy-owner-2025-12-06,legacy-owner,2025-12-10T18:06+00:00,2025-12-15T06:54+00:00,,,,237,54,1,1054.66,economics,legacy-owner-carry-06
legacy-owner-2025-12-07,legacy-owner,2025-12-12T17:18+00:00,2025-12-17T06:06+00:00,,,,203,31,1,1146.33,performance,legacy-owner-carry-07
legacy-owner-2025-12-08,legacy-owner,2025-12-15T14:28+00:00,2025-12-20T03:16+00:00,,,,303,44,0,1083.25,performance,
legacy-owner-2025-12-09,legacy-owner,2025-12-17T23:14+00:00,2025-12-22T12:02+00:00,2025-12-27T18:58+00:00,2026-01-02T01:54+00:00,175166.0,254,60,1,1071.38,features,
legacy-owner-2025-12-10,legacy-owner,2025-12-19T08:29+00:00,2025-12-24T15:24+00:00,2025-12-30T19:29+00:00,2026-01-05T23:34+00:00,44397.1,275,86,1,1027.48,features,
legacy-owner-2025-12-11,legacy-owner,2025-12-21T06:58+00:00,2025-12-27T08:01+00:00,2026-01-03T09:16+00:00,2026-01-10T10:30+00:00,25.0,209,38,0,1036.34,features,
legacy-owner-2025-12-12,legacy-owner,2025-12-21T22:18+00:00,2025-12-28T17:29+00:00,2026-01-05T15:53+00:00,2026-01-13T14:16+00:00,6.6,195,50,1,962.98,features,
legacy-owner-2026-01-00,legacy-owner,2025-12-27T21:26+00:00,2026-01-01T22:41+00:00,2026-01-07T20:07+00:00,,0,300,33,1,1214.78,correctness,
legacy-owner-2026-01-01,legacy-owner,2025-12-29T08:59+00:00,2026-01-03T10:13+00:00,,,,230,35,1,1223.16,features,legacy-owner-carry-01
legacy-owner-2026-01-02,legacy-owner,2026-01-03T00:48+00:00,2026-01-05T13:25+00:00,2026-01-08T12:08+00:00,2026-01-11T10:52+00:00,17.3,222,59,1,1188.79,correctness,
legacy-owner-2026-01-03,legacy-owner,2026-01-05T03:49+00:00,2026-01-08T09:46+00:00,2026-01-12T04:41+00:00,2026-01-15T23:37+00:00,50647.3,282,75,2,1187.76,features,
legacy-owner-2026-01-04,legacy-owner,2026-01-04T12:46+00:00,2026-01-09T14:00+00:00,,,,315,105,1,1126.91,features,
legacy-owner-2026-01-05,legacy-owner,2026-01-08T10:29+00:00,2026-01-12T09:44+00:00,2026-01-17T00:52+00:00,2026-01-21T16:00+00:00,153759.1,227,82,0,1132.58,features,
legacy-owner-2026-01-06,legacy-owner,2026-01-10T01:54+00:00,2026-01-14T18:29+00:00,2026-01-20T05:49+00:00,2026-01-25T17:10+00:00,5.5,152,34,0,1211.43,features,
legacy-owner-2026-01-07,legacy-owner,2026-01-11T02:14+00:00,2026-01-16T12:08+00:00,2026-01-22T19:40+00:00,2026-01-29T03:13+00:00,33.0,174,61,1,1180.15,economics,
legacy-owner-2026-01-08,legacy-owner,2026-01-13T15:21+00:00,2026-01-18T16:35+00:00,2026-01-24T14:02+00:00,,0,216,51,2,1135.18,performance,
legacy-owner-2026-01-09,legacy-owner,2026-01-14T14:23+00:00,2026-01-20T17:36+00:00,2026-01-27T21:21+00:00,2026-02-04T01:07+00:00,144379.6,195,97,0,1102.16,features,
legacy-owner-2026-01-10,legacy-owner,2026-01-18T00:14+00:00,2026-01-23T01:29+00:00,,,,209,64,1,1171.49,correctness,legacy-owner-carry-10
legacy-owner-2026-01-11,legacy-owner,2026-01-18T04:51+00:00,2026-01-25T01:23+00:00,2026-02-02T01:21+00:00,2026-02-10T01:19+00:00,8.4,344,68,0,1114.51,correctness,
legacy-owner-2026-01-12,legacy-owner,2026-01-22T15:33+00:00,2026-01-27T16:47+00:00,,,,323,96,1,1171.16,performance,
legacy-owner-2026-01-13,legacy-owner,2026-01-21T14:49+00:00,2026-01-29T04:41+00:00,2026-02-07T00:51+00:00,2026-02-15T21:01+00:00,165305.8,206,11,0,1148.91,features,
legacy-owner-2026-02-00,legacy-owner,2026-01-29T10:52+00:00,2026-02-01T05:43+00:00,2026-02-04T11:41+00:00,2026-02-07T17:40+00:00,21.3,280,71,0,1293.55,performance,
legacy-owner-2026-02-01,legacy-owner,2026-01-30T15:02+00:00,2026-02-03T12:37+00:00,2026-02-08T01:47+00:00,2026-02-12T14:57+00:00,90496.6,199,63,0,1210.05,features,
legacy-owner-2026-02-02,legacy-owner,2026-01-31T11:00+00:00,2026-02-06T00:41+00:00,,,,282,24,2,1292.15,features,legacy-owner-carry-02
legacy-owner-2026-02-03,legacy-owner,2026-02-02T19:01+00:00,2026-02-07T19:20+00:00,2026-02-13T15:42+00:00,2026-02-19T12:04+00:00,22.5,177,81,1,1187.18,performance,
legacy-owner-2026-02-04,legacy-owner,2026-02-04T04:24+00:00,2026-02-10T07:28+00:00,2026-02-17T11:01+00:00,2026-02-24T14:35+00:00,11169.8,236,48,1,1243.05,correctness,
legacy-owner-2026-02-05,legacy-owner,2026-02-07T10:21+00:00,2026-02-13T00:02+00:00,2026-02-19T11:59+00:00,,0,152,81,1,1330.88,features,
legacy-owner-2026-02-06,legacy-owner,2026-02-07T16:42+00:00,2026-02-14T22:30+00:00,2026-02-23T09:15+00:00,2026-03-03T20:00+00:00,18.4,276,71,0,1223.8,features,
legacy-owner-2026-02-07,legacy-owner,2026-02-11T22:52+00:00,2026-02-17T12:33+00:00,2026-02-24T00:30+00:00,,0,282,0,1,1281.67,correctness,
legacy-owner-2026-02-08,legacy-owner,2026-02-13T19:25+00:00,2026-02-19T09:06+00:00,,,,248,48,0,1261.17,features,
legacy-owner-2026-02-09,legacy-owner,2026-02-15T17:34+00:00,2026-02-21T07:15+00:00,,,,348,42,2,1322.81,features,legacy-owner-carry-09
legacy-owner-2026-02-10,legacy-owner,2026-02-18T07:00+00:00,2026-02-23T20:41+00:00,,,,208,52,1,1312.1,correctness,
legacy-owner-2026-02-11,legacy-owner,2026-02-18T00:45+00:00,2026-02-26T09:17+00:00,2026-03-08T03:13+00:00,2026-03-17T21:10+00:00,158217.9,294,63,1,1249.29,economics,
legacy-owner-2026-03-00,legacy-owner,2026-02-26T17:42+00:00,2026-03-01T18:46+00:00,2026-03-05T08:00+00:00,2026-03-08T21:14+00:00,11.5,309,9,1,1316.39,features,
legacy-owner-2026-03-01,legacy-owner,2026-02-27T11:58+00:00,2026-03-03T13:24+00:00,2026-03-08T07:03+00:00,2026-03-13T00:42+00:00,6.0,313,0,2,1332.71,performance,
legacy-owner-2026-03-02,legacy-owner,2026-02-27T21:25+00:00,2026-03-05T23:33+00:00,,,,365,17,0,1434.5,features,
legacy-owner-2026-03-03,legacy-owner,2026-03-02T03:07+00:00,2026-03-08T05:15+00:00,2026-03-15T07:44+00:00,,0,336,38,1,1342.27,correctness,
legacy-owner-2026-03-04,legacy-owner,2026-03-04T16:20+00:00,2026-03-10T18:28+00:00,,,,250,44,1,1432.04,features,legacy-owner-carry-04
legacy-owner-2026-03-05,legacy-owner,2026-03-08T01:47+00:00,2026-03-13T03:33+00:00,2026-03-19T01:37+00:00,2026-03-24T23:41+00:00,67760.2,279,33,1,1459.47,correctness,
legacy-owner-2026-03-06,legacy-owner,2026-03-09T11:59+00:00,2026-03-15T14:07+00:00,,,,161,63,1,1350.6,correctness,
legacy-owner-2026-03-07,legacy-owner,2026-03-11T22:58+00:00,2026-03-18T01:06+00:00,2026-03-25T03:35+00:00,2026-04-01T06:04+00:00,10689.4,287,47,0,1417.09,features,
legacy-owner-2026-03-08,legacy-owner,2026-03-13T04:39+00:00,2026-03-20T07:08+00:00,2026-03-28T14:02+00:00,2026-04-05T20:56+00:00,141569.2,244,79,0,1385.48,features,
legacy-owner-2026-03-09,legacy-owner,2026-03-16T09:01+00:00,2026-03-22T11:08+00:00,,,,231,100,1,1420.94,economics,legacy-owner-carry-09
legacy-owner-2026-03-10,legacy-owner,2026-03-18T22:04+00:00,2026-03-25T00:11+00:00,2026-04-01T02:40+00:00,,0,267,50,2,1440.14,features,
legacy-owner-2026-03-11,legacy-owner,2026-03-18T21:08+00:00,2026-03-26T23:58+00:00,2026-04-05T11:17+00:00,2026-04-14T22:35+00:00,22505.3,152,44,2,1378.03,features,
legacy-owner-2026-03-12,legacy-owner,2026-03-19T22:20+00:00,2026-03-29T01:31+00:00,2026-04-08T17:15+00:00,2026-04-19T08:58+00:00,9.7,339,105,1,1356.96,performance,
legacy-owner-2026-04-00,legacy-owner,2026-03-25T12:37+00:00,2026-04-01T03:12+00:00,,,,122,105,0,1567.27,features,
legacy-owner-2026-04-01,legacy-owner,2026-03-27T17:56+00:00,2026-04-03T08:30+00:00,2026-04-11T01:30+00:00,,0,327,47,0,1464.69,correctness,
legacy-owner-2026-04-02,legacy-owner,2026-04-02T11:27+00:00,2026-04-05T18:44+00:00,2026-04-09T15:14+00:00,2026-04-13T11:44+00:00,20.5,255,25,0,1584.3,performance,
legacy-owner-2026-04-03,legacy-owner,2026-04-03T03:49+00:00,2026-04-07T09:45+00:00,2026-04-12T08:41+00:00,2026-04-17T07:36+00:00,11.6,168,35,2,1511.93,features,
legacy-owner-2026-04-04,legacy-owner,2026-04-04T12:36+00:00,2026-04-09T17:12+00:00,2026-04-15T18:33+00:00,2026-04-21T19:55+00:00,35.1,405,55,0,1512.89,economics,
legacy-owner-2026-04-05,legacy-owner,2026-04-05T15:47+00:00,2026-04-11T19:02+00:00,2026-04-18T22:49+00:00,2026-04-26T02:36+00:00,30430.3,293,66,3,1461.05,correctness,
legacy-owner-2026-04-06,legacy-owner,2026-04-06T22:37+00:00,2026-04-13T13:12+00:00,,,,223,82,1,1506.57,features,legacy-owner-carry-06
legacy-owner-2026-04-07,legacy-owner,2026-04-09T10:59+00:00,2026-04-16T01:34+00:00,,,,358,4,0,1545.85,correctness,
legacy-owner-2026-04-08,legacy-owner,2026-04-11T06:16+00:00,2026-04-18T08:09+00:00,2026-04-26T14:22+00:00,2026-05-04T20:35+00:00,17.6,125,76,0,1528.79,performance,
legacy-owner-2026-04-09,legacy-owner,2026-04-12T07:05+00:00,2026-04-20T07:38+00:00,2026-04-29T16:17+00:00,2026-05-09T00:55+00:00,23399.8,184,70,2,1607.9,correctness,
legacy-owner-2026-04-10,legacy-owner,2026-04-12T18:37+00:00,2026-04-21T17:49+00:00,2026-05-02T04:53+00:00,2026-05-12T15:58+00:00,34756.2,352,9,1,1454.18,features,
legacy-owner-2026-04-11,legacy-owner,2026-04-17T18:25+00:00,2026-04-24T08:59+00:00,2026-05-02T01:59+00:00,,0,277,8,3,1433.27,features,
legacy-owner-2026-04-12,legacy-owner,2026-04-16T00:49+00:00,2026-04-25T22:41+00:00,2026-05-07T12:11+00:00,2026-05-19T01:41+00:00,126585.0,173,31,0,1573.65,features,
legacy-owner-2026-04-13,legacy-owner,2026-04-21T14:42+00:00,2026-04-28T05:17+00:00,,,,206,13,2,1536.76,features,legacy-owner-carry-13
review-first-2025-11-00,review-first,2025-11-01T00:44+00:00,2025-11-01T21:56+00:00,2025-11-02T22:39+00:00,2025-11-03T23:23+00:00,9962.9,219,35,0,638.14,performance,
review-first-2025-11-01,review-first,2025-11-02T13:53+00:00,2025-11-03T15:48+00:00,2025-11-04T22:01+00:00,2025-11-06T04:15+00:00,90826.9,267,46,0,619.45,features,
review-first-2025-11-02,review-first,2025-11-03T22:59+00:00,2025-11-05T17:23+00:00,2025-11-07T18:50+00:00,,0,246,82,1,654.18,features,
review-first-2025-11-03,review-first,2025-11-05T09:28+00:00,2025-11-07T03:52+00:00,,,,246,75,1,655.32,correctness,
review-first-2025-11-04,review-first,2025-11-07T04:33+00:00,2025-11-08T22:57+00:00,,,,180,36,0,614.16,features,
review-first-2025-11-05,review-first,2025-11-09T13:31+00:00,2025-11-10T20:09+00:00,2025-11-12T07:52+00:00,2025-11-13T19:35+00:00,90402.9,221,7,1,622.28,features,
review-first-2025-11-06,review-first,2025-11-11T15:44+00:00,2025-11-13T03:04+00:00,2025-11-14T20:16+00:00,2025-11-16T13:29+00:00,21.2,108,33,1,642.11,features,
review-first-2025-11-07,review-first,2025-11-13T14:28+00:00,2025-11-15T06:31+00:00,2025-11-17T05:13+00:00,2025-11-19T03:56+00:00,150779.6,349,62,1,652.92,features,
review-first-2025-11-08,review-first,2025-11-15T09:26+00:00,2025-11-17T06:11+00:00,2025-11-19T10:23+00:00,2025-11-21T14:35+00:00,35.1,169,18,2,634.21,features,
review-first-2025-11-09,review-first,2025-11-17T06:03+00:00,2025-11-19T00:27+00:00,,,,248,52,1,666.86,correctness,review-first-carry-09
review-first-2025-11-10,review-first,2025-11-18T17:24+00:00,2025-11-20T18:52+00:00,2025-11-23T04:34+00:00,2025-11-25T14:16+00:00,142815.4,169,43,0,638.4,performance,
review-first-2025-11-11,review-first,2025-11-20T21:28+00:00,2025-11-23T03:39+00:00,2025-11-25T18:50+00:00,2025-11-28T10:02+00:00,9.7,212,69,2,606.19,features,
review-first-2025-11-12,review-first,2025-11-21T18:45+00:00,2025-11-24T05:38+00:00,2025-11-27T02:19+00:00,2025-11-29T23:01+00:00,8.0,180,44,4,674.36,correctness,
review-first-2025-11-13,review-first,2025-11-24T14:19+00:00,2025-11-26T08:43+00:00,,,,247,69,1,703.23,economics,review-first-carry-13
review-first-2025-11-14,review-first,2025-11-25T17:08+00:00,2025-11-28T08:44+00:00,2025-12-01T10:55+00:00,2025-12-04T13:06+00:00,5.2,234,58,2,656.94,correctness,
review-first-2025-12-00,review-first,2025-11-29T17:24+00:00,2025-12-01T18:59+00:00,,,,265,20,2,730.06,correctness,review-first-carry-00
review-first-2025-12-01,review-first,2025-12-02T08:03+00:00,2025-12-03T08:51+00:00,2025-12-04T13:46+00:00,2025-12-05T18:41+00:00,195632.3,276,67,2,653.85,features,
review-first-2025-12-02,review-first,2025-12-03T14:35+00:00,2025-12-04T20:20+00:00,2025-12-06T07:02+00:00,2025-12-07T17:44+00:00,5.0,287,74,1,689.32,features,
review-first-2025-12-03,review-first,2025-12-04T20:46+00:00,2025-12-06T22:21+00:00,,,,188,43,2,709.46,features,
review-first-2025-12-04,review-first,2025-12-07T01:41+00:00,2025-12-08T12:24+00:00,2025-12-10T04:53+00:00,2025-12-11T21:22+00:00,13.3,327,80,1,664.23,correctness,
review-first-2025-12-05,review-first,2025-12-09T07:35+00:00,2025-12-10T23:15+00:00,2025-12-12T21:31+00:00,2025-12-14T19:47+00:00,7.7,231,64,0,710.31,economics,
review-first-2025-12-06,review-first,2025-12-10T12:41+00:00,2025-12-12T09:19+00:00,2025-12-14T13:22+00:00,2025-12-16T17:25+00:00,43280.1,341,50,0,702.33,features,
review-first-2025-12-07,review-first,2025-12-12T02:23+00:00,2025-12-14T03:58+00:00,2025-12-16T13:48+00:00,2025-12-18T23:38+00:00,41438.8,224,62,1,715.76,correctness,
review-first-2025-12-08,review-first,2025-12-13T23:06+00:00,2025-12-16T05:39+00:00,2025-12-18T21:16+00:00,2025-12-21T12:53+00:00,76656.5,113,95,1,680.0,performance,
review-first-2025-12-09,review-first,2025-12-16T03:37+00:00,2025-12-18T05:12+00:00,,,,278,41,1,707.43,performance,
review-first-2025-12-10,review-first,2025-12-18T10:05+00:00,2025-12-20T11:40+00:00,2025-12-22T21:30+00:00,,0,341,100,0,724.66,features,
review-first-2025-12-11,review-first,2025-12-19T11:10+00:00,2025-12-21T22:40+00:00,2025-12-24T20:04+00:00,2025-12-27T17:28+00:00,9.8,193,68,1,729.87,features,
review-first-2025-12-12,review-first,2025-12-21T13:44+00:00,2025-12-23T15:19+00:00,,,,316,77,6,731.87,economics,review-first-carry-12
review-first-2025-12-13,review-first,2025-12-22T23:34+00:00,2025-12-25T16:01+00:00,2025-12-28T19:12+00:00,2025-12-31T22:23+00:00,24.7,251,51,1,717.97,features,
review-first-2025-12-14,review-first,2025-12-24T14:04+00:00,2025-12-27T11:29+00:00,2025-12-30T20:27+00:00,2026-01-03T05:25+00:00,124729.9,293,30,1,688.45,features,
review-first-2025-12-15,review-first,2025-12-26T01:56+00:00,2025-12-29T04:18+00:00,2026-01-01T19:03+00:00,2026-01-05T09:49+00:00,198646.9,266,103,0,671.66,correctness,
review-first-2026-01-00,review-first,2025-12-31T14:24+00:00,2026-01-01T18:54+00:00,2026-01-03T04:08+00:00,2026-01-04T13:23+00:00,25.4,275,58,1,769.03,correctness,
review-first-2026-01-01,review-first,2025-12-31T19:20+00:00,2026-01-03T04:20+00:00,2026-01-05T22:50+00:00,,0,325,26,1,730.42,correctness,
review-first-2026-01-02,review-first,2026-01-02T09:53+00:00,2026-01-04T18:53+00:00,,,,282,138,1,776.21,features,review-first-carry-02
review-first-2026-01-03,review-first,2026-01-05T15:28+00:00,2026-01-07T01:40+00:00,2026-01-08T17:34+00:00,2026-01-10T09:28+00:00,35.1,226,50,2,724.78,features,
review-first-2026-01-04,review-first,2026-01-06T14:31+00:00,2026-01-08T23:31+00:00,,,,205,58,2,720.19,features,
review-first-2026-01-05,review-first,2026-01-08T10:08+00:00,2026-01-10T02:02+00:00,2026-01-12T00:35+00:00,2026-01-13T23:08+00:00,116463.6,251,26,1,726.99,features,
review-first-2026-01-06,review-first,2026-01-10T03:01+00:00,2026-01-12T00:37+00:00,2026-01-14T05:48+00:00,2026-01-16T11:00+00:00,32.6,296,85,0,769.06,features,
review-first-2026-01-07,review-first,2026-01-11T23:09+00:00,2026-01-14T02:27+00:00,2026-01-16T14:18+00:00,2026-01-19T02:09+00:00,44342.1,240,82,1,688.78,performance,
review-first-2026-01-08,review-first,2026-01-13T05:22+00:00,2026-01-15T14:22+00:00,,,,331,47,1,699.44,correctness,
review-first-2026-01-09,review-first,2026-01-15T04:18+00:00,2026-01-17T13:18+00:00,,,,161,98,1,789.97,performance,review-first-carry-09
review-first-2026-01-10,review-first,2026-01-16T09:50+00:00,2026-01-18T18:50+00:00,2026-01-21T13:20+00:00,2026-01-24T07:50+00:00,72442.8,254,105,1,774.4,features,
review-first-2026-01-11,review-first,2026-01-18T06:02+00:00,2026-01-20T20:43+00:00,2026-01-23T21:52+00:00,2026-01-26T23:01+00:00,33432.6,168,82,1,749.54,features,
review-first-2026-01-12,review-first,2026-01-19T14:44+00:00,2026-01-22T11:08+00:00,2026-01-25T18:56+00:00,2026-01-29T02:43+00:00,26.3,352,88,1,796.91,correctness,
review-first-2026-01-13,review-first,2026-01-21T19:41+00:00,2026-01-24T21:47+00:00,2026-01-28T12:14+00:00,2026-02-01T02:41+00:00,160411.0,171,51,0,805.71,performance,
review-first-2026-01-14,review-first,2026-01-24T03:00+00:00,2026-01-26T12:00+00:00,,,,294,41,2,748.03,features,review-first-carry-14
review-first-2026-01-15,review-first,2026-01-24T04:27+00:00,2026-01-27T12:15+00:00,2026-01-31T09:21+00:00,2026-02-04T06:27+00:00,155003.9,279,91,1,772.5,economics,
review-first-2026-01-16,review-first,2026-01-26T02:55+00:00,2026-01-29T16:25+00:00,2026-02-02T20:10+00:00,2026-02-06T23:55+00:00,40.0,294,61,3,781.97,economics,
review-first-2026-02-00,review-first,2026-01-29T15:24+00:00,2026-02-01T07:55+00:00,,,,182,48,0,817.26,correctness,review-first-carry-00
review-first-2026-02-01,review-first,2026-02-02T05:45+00:00,2026-02-03T14:01+00:00,2026-02-05T03:38+00:00,2026-02-06T17:16+00:00,27.1,233,95,0,829.53,features,
review-first-2026-02-02,review-first,2026-02-03T15:12+00:00,2026-02-05T06:38+00:00,2026-02-07T04:37+00:00,2026-02-09T02:37+00:00,19.0,274,72,1,784.53,features,
review-first-2026-02-03,review-first,2026-02-04T15:45+00:00,2026-02-06T14:21+00:00,2026-02-08T20:42+00:00,2026-02-11T03:03+00:00,33.1,174,90,0,829.51,economics,
review-first-2026-02-04,review-first,2026-02-06T10:34+00:00,2026-02-08T16:20+00:00,2026-02-11T07:03+00:00,2026-02-13T21:46+00:00,175138.8,359,67,1,777.04,features,
review-first-2026-02-05,review-first,2026-02-08T03:44+00:00,2026-02-10T20:15+00:00,2026-02-13T23:30+00:00,,0,279,48,1,821.71,correctness,
review-first-2026-02-06,review-first,2026-02-09T12:02+00:00,2026-02-12T00:58+00:00,2026-02-15T00:02+00:00,2026-02-17T23:07+00:00,168897.4,317,122,1,809.39,correctness,
review-first-2026-02-07,review-first,2026-02-11T12:45+00:00,2026-02-14T08:51+00:00,2026-02-17T16:17+00:00,2026-02-20T23:44+00:00,139139.5,182,60,4,795.73,correctness,
review-first-2026-02-08,review-first,2026-02-12T23:32+00:00,2026-02-15T16:03+00:00,,,,319,73,3,814.69,features,
review-first-2026-02-09,review-first,2026-02-14T17:42+00:00,2026-02-17T20:58+00:00,2026-02-21T12:46+00:00,2026-02-25T04:34+00:00,190621.8,274,89,0,736.71,features,
review-first-2026-02-10,review-first,2026-02-15T23:47+00:00,2026-02-19T10:13+00:00,2026-02-23T10:23+00:00,2026-02-27T10:33+00:00,17.7,324,43,0,772.37,features,
review-first-2026-02-11,review-first,2026-02-18T17:36+00:00,2026-02-21T10:07+00:00,,,,325,54,2,820.64,features,review-first-carry-11
review-first-2026-02-12,review-first,2026-02-20T00:35+00:00,2026-02-22T17:06+00:00,,,,236,57,1,790.01,performance,
review-first-2026-02-13,review-first,2026-02-21T15:58+00:00,2026-02-25T09:34+00:00,2026-03-01T18:05+00:00,2026-03-06T02:37+00:00,102522.3,134,97,1,804.95,features,
review-first-2026-02-14,review-first,2026-02-22T09:39+00:00,2026-02-26T10:25+00:00,2026-03-03T03:18+00:00,2026-03-07T20:12+00:00,59848.7,366,97,1,791.15,performance,
review-first-2026-03-00,review-first,2026-02-27T13:56+00:00,2026-03-01T01:55+00:00,2026-03-02T19:53+00:00,2026-03-04T13:52+00:00,5.5,194,68,0,809.81,economics,
review-first-2026-03-01,review-first,2026-03-01T03:37+00:00,2026-03-02T22:48+00:00,2026-03-05T01:10+00:00,2026-03-07T03:32+00:00,14.2,115,102,1,832.0,features,
review-first-2026-03-02,review-first,2026-03-02T23:00+00:00,2026-03-05T01:23+00:00,2026-03-07T12:08+00:00,2026-03-09T22:54+00:00,32.4,239,64,0,779.0,features,
review-first-2026-03-03,review-first,2026-03-05T00:54+00:00,2026-03-07T10:28+00:00,2026-03-10T05:37+00:00,2026-03-13T00:47+00:00,87427.1,383,29,1,784.87,correctness,
review-first-2026-03-04,review-first,2026-03-05T15:08+00:00,2026-03-08T15:06+00:00,,,,213,53,1,815.81,features,review-first-carry-04
review-first-2026-03-05,review-first,2026-03-07T17:35+00:00,2026-03-10T10:21+00:00,2026-03-13T13:54+00:00,2026-03-16T17:27+00:00,96126.0,303,28,0,874.3,features,
review-first-2026-03-06,review-first,2026-03-09T22:35+00:00,2026-03-12T22:33+00:00,2026-03-16T10:30+00:00,2026-03-19T22:27+00:00,21.5,258,61,0,828.76,correctness,
review-first-2026-03-07,review-first,2026-03-11T07:01+00:00,2026-03-14T14:11+00:00,2026-03-18T10:31+00:00,2026-03-22T06:52+00:00,192409.5,228,62,1,780.99,features,
review-first-2026-03-08,review-first,2026-03-13T23:19+00:00,2026-03-16T23:17+00:00,,,,315,58,2,878.35,performance,
review-first-2026-03-09,review-first,2026-03-15T05:21+00:00,2026-03-18T19:42+00:00,2026-03-23T00:26+00:00,2026-03-27T05:10+00:00,8.1,163,38,0,828.13,correctness,
review-first-2026-03-10,review-first,2026-03-16T19:49+00:00,2026-03-19T19:47+00:00,,,,155,60,2,772.95,performance,
review-first-2026-03-11,review-first,2026-03-18T15:03+00:00,2026-03-21T15:01+00:00,,,,164,0,1,889.1,features,review-first-carry-11
review-first-2026-03-12,review-first,2026-03-20T15:46+00:00,2026-03-23T15:44+00:00,2026-03-27T03:41+00:00,,0,274,34,0,795.23,economics,
review-first-2026-03-13,review-first,2026-03-21T22:30+00:00,2026-03-25T20:03+00:00,2026-03-30T09:11+00:00,2026-04-03T22:19+00:00,179891.7,186,15,1,780.23,correctness,
review-first-2026-03-14,review-first,2026-03-23T02:06+00:00,2026-03-27T06:51+00:00,2026-04-01T04:22+00:00,2026-04-06T01:54+00:00,25032.6,200,53,2,814.35,features,
review-first-2026-03-15,review-first,2026-03-25T02:07+00:00,2026-03-29T14:04+00:00,2026-04-03T19:59+00:00,2026-04-09T01:55+00:00,106813.7,447,74,1,805.74,features,
review-first-2026-04-00,review-first,2026-03-30T20:28+00:00,2026-04-01T12:04+00:00,2026-04-03T10:15+00:00,2026-04-05T08:26+00:00,7827.4,272,40,1,815.03,economics,
review-first-2026-04-01,review-first,2026-04-01T06:15+00:00,2026-04-03T05:02+00:00,2026-04-05T11:37+00:00,2026-04-07T18:12+00:00,171845.4,242,39,0,845.67,features,
review-first-2026-04-02,review-first,2026-04-02T17:26+00:00,2026-04-04T23:25+00:00,2026-04-07T14:25+00:00,2026-04-10T05:24+00:00,8.4,321,46,0,840.49,features,
review-first-2026-04-03,review-first,2026-04-04T11:18+00:00,2026-04-07T00:29+00:00,2026-04-09T23:52+00:00,2026-04-12T23:15+00:00,164303.2,191,52,0,871.15,performance,
review-first-2026-04-04,review-first,2026-04-05T21:29+00:00,2026-04-08T17:52+00:00,2026-04-12T01:39+00:00,2026-04-15T09:26+00:00,38.2,235,64,1,834.53,correctness,
review-first-2026-04-05,review-first,2026-04-06T09:13+00:00,2026-04-09T12:48+00:00,2026-04-13T04:59+00:00,2026-04-16T21:09+00:00,10.9,355,63,1,835.11,performance,
review-first-2026-04-06,review-first,2026-04-08T16:34+00:00,2026-04-11T23:45+00:00,,,,320,76,2,922.82,correctness,
review-first-2026-04-07,review-first,2026-04-10T05:26+00:00,2026-04-13T16:13+00:00,2026-04-17T16:47+00:00,2026-04-21T17:22+00:00,35.8,305,17,1,806.01,features,
review-first-2026-04-08,review-first,2026-04-12T07:49+00:00,2026-04-15T15:00+00:00,,,,169,79,0,907.29,correctness,
review-first-2026-04-09,review-first,2026-04-13T01:47+00:00,2026-04-16T19:46+00:00,2026-04-21T04:44+00:00,2026-04-25T13:43+00:00,105570.3,146,21,0,857.27,features,
review-first-2026-04-10,review-first,2026-04-15T14:25+00:00,2026-04-18T21:36+00:00,,,,228,75,0,780.14,correctness,review-first-carry-10
review-first-2026-04-11,review-first,2026-04-17T04:56+00:00,2026-04-20T12:07+00:00,,,,211,73,2,913.6,features,review-first-carry-11
review-first-2026-04-12,review-first,2026-04-17T10:50+00:00,2026-04-21T12:00+00:00,2026-04-26T05:23+00:00,2026-04-30T22:45+00:00,81389.0,148,43,1,823.21,economics,
review-first-2026-04-13,review-first,2026-04-19T04:39+00:00,2026-04-23T13:02+00:00,2026-04-28T14:48+00:00,2026-05-03T16:34+00:00,31.4,243,39,2,948.31,features,
review-first-2026-04-14,review-first,2026-04-21T20:18+00:00,2026-04-25T03:29+00:00,,,,262,79,0,820.6,performance,review-first-carry-14
review-first-2026-04-15,review-first,2026-04-22T04:04+00:00,2026-04-26T19:39+00:00,2026-05-02T05:49+00:00,2026-05-07T15:59+00:00,141105.7,233,53,1,815.59,features,
review-first-2026-04-16,review-first,2026-04-24T03:15+00:00,2026-04-29T02:01+00:00,2026-05-04T20:35+00:00,2026-05-10T15:09+00:00,75689.0,292,42,0,880.0,features,
contractors-2025-11-00,contractors,2025-10-31T07:41+00:00,2025-11-01T10:25+00:00,2025-11-02T17:35+00:00,2025-11-04T00:46+00:00,24.9,196,63,0,782.9,features,
contractors-2025-11-01,contractors,2025-11-01T01:44+00:00,2025-11-03T07:11+00:00,,,,280,113,1,799.23,features,contractors-carry-01
contractors-2025-11-02,contractors,2025-11-04T08:31+00:00,2025-11-05T20:09+00:00,2025-11-07T13:44+00:00,2025-11-09T07:18+00:00,12.0,211,48,2,780.19,correctness,
contractors-2025-11-03,contractors,2025-11-06T18:10+00:00,2025-11-08T14:42+00:00,2025-11-10T18:40+00:00,2025-11-12T22:38+00:00,8340.1,265,112,2,837.92,features,
contractors-2025-11-04,contractors,2025-11-08T02:46+00:00,2025-11-10T08:13+00:00,,,,157,107,2,763.63,features,
contractors-2025-11-05,contractors,2025-11-10T18:04+00:00,2025-11-12T23:31+00:00,2025-11-15T13:53+00:00,2025-11-18T04:14+00:00,196601.3,166,39,2,782.09,economics,
contractors-2025-11-06,contractors,2025-11-12T23:50+00:00,2025-11-15T05:17+00:00,,,,272,42,2,813.07,correctness,contractors-carry-06
contractors-2025-11-07,contractors,2025-11-14T04:08+00:00,2025-11-16T18:30+00:00,2025-11-19T19:15+00:00,2025-11-22T20:00+00:00,51455.7,302,96,1,878.24,performance,
contractors-2025-11-08,contractors,2025-11-17T03:21+00:00,2025-11-19T08:48+00:00,,,,262,78,2,778.33,correctness,
contractors-2025-11-09,contractors,2025-11-19T11:35+00:00,2025-11-21T17:02+00:00,2025-11-24T07:24+00:00,,0,301,72,1,840.0,features,
contractors-2025-11-10,contractors,2025-11-21T06:50+00:00,2025-11-24T06:07+00:00,2025-11-27T17:15+00:00,2025-12-01T04:24+00:00,22.2,363,71,1,816.49,features,
contractors-2025-11-11,contractors,2025-11-22T05:28+00:00,2025-11-25T13:39+00:00,2025-11-29T11:11+00:00,2025-12-03T08:44+00:00,144782.4,279,37,3,811.18,performance,
contractors-2025-11-12,contractors,2025-11-26T10:59+00:00,2025-11-28T16:26+00:00,2025-12-01T06:48+00:00,,0,127,58,4,837.71,features,
contractors-2025-12-00,contractors,2025-11-30T10:39+00:00,2025-12-01T18:14+00:00,2025-12-03T07:04+00:00,2025-12-04T19:54+00:00,34.6,276,61,2,907.92,features,
contractors-2025-12-01,contractors,2025-12-02T00:43+00:00,2025-12-03T17:19+00:00,2025-12-05T16:41+00:00,2025-12-07T16:03+00:00,6.8,221,62,2,906.05,correctness,
contractors-2025-12-02,contractors,2025-12-03T11:54+00:00,2025-12-06T03:03+00:00,2025-12-09T04:43+00:00,,0,400,111,1,847.98,features,
contractors-2025-12-03,contractors,2025-12-05T23:41+00:00,2025-12-08T01:18+00:00,2025-12-10T11:11+00:00,2025-12-12T21:04+00:00,126479.0,303,112,2,928.37,features,
contractors-2025-12-04,contractors,2025-12-07T15:15+00:00,2025-12-10T01:53+00:00,2025-12-12T22:18+00:00,2025-12-15T18:43+00:00,167738.9,282,89,1,939.69,correctness,
contractors-2025-12-05,contractors,2025-12-09T21:55+00:00,2025-12-12T13:04+00:00,,,,250,86,3,821.94,performance,
contractors-2025-12-06,contractors,2025-12-11T07:27+00:00,2025-12-13T22:36+00:00,2025-12-17T00:16+00:00,,0,251,48,2,911.33,economics,
contractors-2025-12-07,contractors,2025-12-13T22:29+00:00,2025-12-16T13:38+00:00,,,,244,48,1,883.71,features,contractors-carry-07
contractors-2025-12-08,contractors,2025-12-15T20:59+00:00,2025-12-18T12:08+00:00,,,,160,78,1,904.75,correctness,contractors-carry-08
contractors-2025-12-09,contractors,2025-12-18T08:27+00:00,2025-12-20T23:36+00:00,,,,218,81,2,891.37,correctness,
contractors-2025-12-10,contractors,2025-12-19T15:50+00:00,2025-12-22T11:30+00:00,2025-12-25T18:26+00:00,2025-12-29T01:22+00:00,19.7,277,22,1,935.56,performance,
contractors-2025-12-11,contractors,2025-12-22T05:48+00:00,2025-12-25T10:28+00:00,2025-12-29T03:56+00:00,2026-01-01T21:24+00:00,10.8,289,22,2,976.97,features,
contractors-2025-12-12,contractors,2025-12-23T09:58+00:00,2025-12-26T23:40+00:00,2025-12-31T03:39+00:00,2026-01-04T07:38+00:00,164363.8,255,39,3,870.75,features,
contractors-2025-12-13,contractors,2025-12-24T23:40+00:00,2025-12-28T22:24+00:00,2026-01-02T12:54+00:00,2026-01-07T03:25+00:00,34175.6,254,86,1,922.13,features,
contractors-2026-01-00,contractors,2025-12-31T07:59+00:00,2026-01-01T20:35+00:00,2026-01-03T15:15+00:00,2026-01-05T09:56+00:00,100536.9,278,79,1,974.06,features,
contractors-2026-01-01,contractors,2025-12-31T12:30+00:00,2026-01-03T13:41+00:00,2026-01-07T03:02+00:00,,0,176,35,0,982.83,correctness,
contractors-2026-01-02,contractors,2026-01-02T04:31+00:00,2026-01-05T05:42+00:00,2026-01-08T19:03+00:00,,0,198,11,3,933.68,features,
contractors-2026-01-03,contractors,2026-01-03T23:29+00:00,2026-01-07T00:40+00:00,,,,212,0,2,957.65,performance,
contractors-2026-01-04,contractors,2026-01-07T09:14+00:00,2026-01-09T06:58+00:00,2026-01-11T12:19+00:00,2026-01-13T17:40+00:00,139899.6,115,101,1,970.13,correctness,
contractors-2026-01-05,contractors,2026-01-09T11:36+00:00,2026-01-11T18:29+00:00,2026-01-14T10:30+00:00,2026-01-17T02:31+00:00,29.5,150,58,2,992.55,features,
contractors-2026-01-06,contractors,2026-01-10T08:27+00:00,2026-01-13T00:29+00:00,2026-01-16T03:10+00:00,2026-01-19T05:52+00:00,101687.9,240,26,1,983.18,features,
contractors-2026-01-07,contractors,2026-01-12T03:03+00:00,2026-01-15T04:14+00:00,2026-01-18T17:35+00:00,2026-01-22T06:57+00:00,37.8,308,27,2,873.14,economics,
contractors-2026-01-08,contractors,2026-01-14T12:57+00:00,2026-01-17T23:16+00:00,2026-01-21T23:17+00:00,2026-01-25T23:19+00:00,15.0,235,80,0,984.79,features,
contractors-2026-01-09,contractors,2026-01-16T16:07+00:00,2026-01-19T17:18+00:00,,,,415,79,1,862.3,performance,
contractors-2026-01-10,contractors,2026-01-17T22:55+00:00,2026-01-21T00:06+00:00,,,,159,37,2,922.58,correctness,contractors-carry-10
contractors-2026-01-11,contractors,2026-01-19T21:11+00:00,2026-01-23T16:39+00:00,2026-01-28T03:21+00:00,2026-02-01T14:03+00:00,14.7,238,40,1,988.5,features,
contractors-2026-01-12,contractors,2026-01-21T11:49+00:00,2026-01-25T16:26+00:00,2026-01-30T13:48+00:00,2026-02-04T11:10+00:00,194996.2,107,67,1,961.06,features,
contractors-2026-01-13,contractors,2026-01-23T08:22+00:00,2026-01-27T22:08+00:00,2026-02-02T06:10+00:00,2026-02-07T14:13+00:00,102957.6,236,77,2,905.83,features,
contractors-2026-01-14,contractors,2026-01-26T17:21+00:00,2026-01-29T18:32+00:00,,,,128,0,0,976.11,correctness,contractors-carry-14
contractors-2026-02-00,contractors,2026-01-29T01:10+00:00,2026-02-01T12:29+00:00,2026-02-05T13:40+00:00,,0,310,59,0,1011.51,correctness,
contractors-2026-02-01,contractors,2026-01-31T05:24+00:00,2026-02-03T16:42+00:00,,,,266,32,1,1045.56,features,
contractors-2026-02-02,contractors,2026-02-03T14:25+00:00,2026-02-05T08:04+00:00,2026-02-07T08:40+00:00,2026-02-09T09:16+00:00,17.9,128,101,1,1011.11,features,
contractors-2026-02-03,contractors,2026-02-04T14:34+00:00,2026-02-08T01:53+00:00,2026-02-12T03:04+00:00,,0,255,24,3,1137.92,economics,
contractors-2026-02-04,contractors,2026-02-06T00:49+00:00,2026-02-09T12:08+00:00,,,,217,57,0,1046.4,performance,
contractors-2026-02-05,contractors,2026-02-09T03:30+00:00,2026-02-11T11:02+00:00,2026-02-14T03:50+00:00,2026-02-16T20:38+00:00,13566.2,376,22,0,988.86,performance,
contractors-2026-02-06,contractors,2026-02-11T04:17+00:00,2026-02-14T01:42+00:00,2026-02-17T10:42+00:00,2026-02-20T19:42+00:00,168498.0,253,8,0,1033.87,features,
contractors-2026-02-07,contractors,2026-02-12T08:40+00:00,2026-02-15T19:59+00:00,,,,224,54,4,1054.33,features,contractors-carry-07
contractors-2026-02-08,contractors,2026-02-14T20:19+00:00,2026-02-18T07:38+00:00,2026-02-22T08:49+00:00,2026-02-26T10:01+00:00,13.6,244,69,0,1034.37,correctness,
contractors-2026-02-09,contractors,2026-02-16T08:50+00:00,2026-02-20T10:01+00:00,2026-02-25T03:25+00:00,2026-03-01T20:49+00:00,12.2,358,20,1,918.94,features,
contractors-2026-02-10,contractors,2026-02-17T17:33+00:00,2026-02-22T08:38+00:00,2026-02-27T18:14+00:00,2026-03-05T03:49+00:00,80744.4,255,16,4,953.65,features,
contractors-2026-02-11,contractors,2026-02-20T21:36+00:00,2026-02-24T08:55+00:00,,,,253,44,3,1017.11,correctness,contractors-carry-11
contractors-2026-02-12,contractors,2026-02-21T06:07+00:00,2026-02-26T11:05+00:00,2026-03-04T12:52+00:00,2026-03-10T14:40+00:00,85223.4,215,45,0,1044.47,features,
contractors-2026-03-00,contractors,2026-02-25T05:59+00:00,2026-03-01T03:21+00:00,,,,152,29,1,1109.06,features,contractors-carry-00
contractors-2026-03-01,contractors,2026-03-01T19:43+00:00,2026-03-03T18:24+00:00,2026-03-06T00:52+00:00,2026-03-08T07:20+00:00,17.3,185,73,2,1074.75,performance,
contractors-2026-03-02,contractors,2026-03-01T11:26+00:00,2026-03-05T08:48+00:00,2026-03-09T21:43+00:00,,0,152,65,1,1068.1,correctness,
contractors-2026-03-03,contractors,2026-03-03T18:13+00:00,2026-03-07T15:35+00:00,,,,227,14,1,1172.09,features,
contractors-2026-03-04,contractors,2026-03-07T16:15+00:00,2026-03-10T02:36+00:00,2026-03-12T22:41+00:00,2026-03-15T18:46+00:00,53956.2,296,35,0,1078.89,correctness,
contractors-2026-03-05,contractors,2026-03-07T20:37+00:00,2026-03-11T17:59+00:00,,,,111,53,0,1007.8,economics,contractors-carry-05
contractors-2026-03-06,contractors,2026-03-11T18:35+00:00,2026-03-14T16:37+00:00,2026-03-18T02:18+00:00,2026-03-21T12:00+00:00,72913.6,287,58,1,1116.91,features,
contractors-2026-03-07,contractors,2026-03-13T10:22+00:00,2026-03-16T20:04+00:00,2026-03-20T19:22+00:00,2026-03-24T18:40+00:00,33.7,209,76,1,1055.45,features,
contractors-2026-03-08,contractors,2026-03-14T12:03+00:00,2026-03-18T09:25+00:00,,,,166,29,1,1061.12,features,
contractors-2026-03-09,contractors,2026-03-17T05:47+00:00,2026-03-21T03:09+00:00,2026-03-25T16:04+00:00,2026-03-30T05:00+00:00,22.7,285,98,1,1015.35,correctness,
contractors-2026-03-10,contractors,2026-03-18T19:55+00:00,2026-03-23T04:57+00:00,2026-03-28T07:29+00:00,2026-04-02T10:01+00:00,162357.4,210,36,1,1075.32,features,
contractors-2026-03-11,contractors,2026-03-19T19:35+00:00,2026-03-24T16:17+00:00,2026-03-30T08:27+00:00,2026-04-05T00:36+00:00,21102.2,223,29,0,1044.52,features,
contractors-2026-03-12,contractors,2026-03-21T10:34+00:00,2026-03-26T18:56+00:00,2026-04-02T00:42+00:00,2026-04-08T06:28+00:00,11.6,318,19,3,1014.2,correctness,
contractors-2026-03-13,contractors,2026-03-23T02:38+00:00,2026-03-28T22:41+00:00,2026-04-04T18:04+00:00,2026-04-11T13:27+00:00,35970.1,327,75,1,990.46,performance,
contractors-2026-04-00,contractors,2026-03-28T08:25+00:00,2026-04-01T15:32+00:00,,,,337,83,1,1168.69,correctness,contractors-carry-00
contractors-2026-04-01,contractors,2026-04-01T12:45+00:00,2026-04-03T16:19+00:00,2026-04-06T04:27+00:00,2026-04-08T16:36+00:00,120714.0,234,85,0,1032.77,features,
contractors-2026-04-02,contractors,2026-03-31T18:48+00:00,2026-04-05T01:55+00:00,,,,122,67,1,1148.37,features,
contractors-2026-04-03,contractors,2026-04-04T09:54+00:00,2026-04-07T02:21+00:00,2026-04-10T05:32+00:00,2026-04-13T08:43+00:00,122848.0,206,125,1,1085.64,economics,
contractors-2026-04-04,contractors,2026-04-05T04:42+00:00,2026-04-09T11:49+00:00,,,,219,67,1,1161.94,features,contractors-carry-04
contractors-2026-04-05,contractors,2026-04-08T04:56+00:00,2026-04-11T10:17+00:00,2026-04-15T04:30+00:00,2026-04-18T22:43+00:00,8.2,238,32,1,1156.68,features,
contractors-2026-04-06,contractors,2026-04-08T09:53+00:00,2026-04-12T17:00+00:00,,,,356,50,1,1182.37,correctness,contractors-carry-06
contractors-2026-04-07,contractors,2026-04-10T23:30+00:00,2026-04-15T06:37+00:00,2026-04-20T06:54+00:00,,0,150,71,0,1099.81,correctness,
contractors-2026-04-08,contractors,2026-04-12T21:24+00:00,2026-04-16T15:38+00:00,2026-04-21T00:53+00:00,2026-04-25T10:09+00:00,28.2,216,33,0,1116.06,features,
contractors-2026-04-09,contractors,2026-04-14T03:50+00:00,2026-04-18T10:57+00:00,2026-04-23T11:14+00:00,2026-04-28T11:32+00:00,24.8,195,65,0,1082.77,features,
contractors-2026-04-10,contractors,2026-04-15T20:25+00:00,2026-04-20T16:26+00:00,2026-04-26T07:46+00:00,2026-05-01T23:06+00:00,43096.2,161,45,1,1128.24,performance,
contractors-2026-04-11,contractors,2026-04-17T05:59+00:00,2026-04-22T14:53+00:00,2026-04-28T21:15+00:00,2026-05-05T03:37+00:00,52674.7,221,86,2,1019.47,correctness,
contractors-2026-04-12,contractors,2026-04-19T23:20+00:00,2026-04-24T06:27+00:00,,,,292,40,3,1136.39,performance,
contractors-2026-04-13,contractors,2026-04-20T09:16+00:00,2026-04-26T07:03+00:00,2026-05-03T04:27+00:00,2026-05-10T01:52+00:00,6799.8,304,88,1,1066.93,features,
contractors-2026-04-14,contractors,2026-04-22T12:03+00:00,2026-04-28T22:44+00:00,2026-05-06T11:10+00:00,2026-05-13T23:37+00:00,32.6,352,0,1,1114.98,features,
platform-core-2025-11-00,platform-core,2025-10-26T18:29+00:00,2025-11-01T02:58+00:00,,,,125,77,3,444.31,features,
platform-core-2025-11-01,platform-core,2025-10-29T07:23+00:00,2025-11-03T15:52+00:00,2025-11-09T21:45+00:00,,0,274,46,3,432.06,economics,
platform-core-2025-11-02,platform-core,2025-11-02T18:57+00:00,2025-11-05T11:12+00:00,2025-11-08T14:08+00:00,2025-11-11T17:05+00:00,64076.1,146,130,0,458.81,features,
platform-core-2025-11-03,platform-core,2025-11-03T20:33+00:00,2025-11-07T03:04+00:00,2025-11-10T22:39+00:00,2025-11-14T18:15+00:00,170572.2,369,83,0,439.35,economics,
platform-core-2025-11-04,platform-core,2025-11-04T23:13+00:00,2025-11-08T20:01+00:00,2025-11-13T08:15+00:00,2025-11-17T20:30+00:00,37.9,283,10,1,466.1,correctness,
platform-core-2025-11-05,platform-core,2025-11-05T06:26+00:00,2025-11-10T14:55+00:00,,,,218,58,1,455.21,features,platform-core-carry-05
platform-core-2025-11-06,platform-core,2025-11-06T13:52+00:00,2025-11-11T22:21+00:00,,,,191,51,1,459.95,features,
platform-core-2025-11-07,platform-core,2025-11-09T12:47+00:00,2025-11-13T23:51+00:00,2025-11-19T04:45+00:00,2025-11-24T09:39+00:00,17.4,347,46,1,446.55,correctness,
platform-core-2025-11-08,platform-core,2025-11-10T12:14+00:00,2025-11-15T13:35+00:00,2025-11-21T11:08+00:00,2025-11-27T08:41+00:00,194179.8,216,42,0,400.53,correctness,
platform-core-2025-11-09,platform-core,2025-11-12T02:02+00:00,2025-11-17T17:39+00:00,2025-11-24T07:51+00:00,2025-11-30T22:04+00:00,30.6,260,72,3,419.21,features,
platform-core-2025-11-10,platform-core,2025-11-14T15:53+00:00,2025-11-20T00:22+00:00,,,,242,50,2,431.98,features,platform-core-carry-10
platform-core-2025-11-11,platform-core,2025-11-16T02:41+00:00,2025-11-21T11:10+00:00,2025-11-27T17:03+00:00,,0,302,39,0,453.37,performance,
platform-core-2025-11-12,platform-core,2025-11-17T11:44+00:00,2025-11-23T17:38+00:00,2025-12-01T00:29+00:00,2025-12-08T07:21+00:00,19.0,422,88,0,428.2,features,
platform-core-2025-11-13,platform-core,2025-11-18T00:14+00:00,2025-11-24T20:24+00:00,2025-12-02T19:55+00:00,2025-12-10T19:26+00:00,56076.5,224,39,0,456.93,performance,
platform-core-2025-11-14,platform-core,2025-11-19T01:25+00:00,2025-11-26T11:52+00:00,2025-12-05T04:02+00:00,2025-12-13T20:12+00:00,5.1,182,68,1,428.33,correctness,
platform-core-2025-11-15,platform-core,2025-11-20T09:10+00:00,2025-11-28T09:53+00:00,2025-12-07T18:42+00:00,2025-12-17T03:32+00:00,15353.3,406,19,0,435.89,features,
platform-core-2025-12-00,platform-core,2025-11-26T11:32+00:00,2025-12-01T20:01+00:00,,,,252,143,1,444.61,economics,
platform-core-2025-12-01,platform-core,2025-12-01T00:10+00:00,2025-12-03T16:24+00:00,2025-12-06T19:20+00:00,2025-12-09T22:17+00:00,16286.5,279,70,0,437.3,features,
platform-core-2025-12-02,platform-core,2025-11-29T05:21+00:00,2025-12-04T13:49+00:00,2025-12-10T19:42+00:00,,0,168,0,1,423.84,features,
platform-core-2025-12-03,platform-core,2025-12-03T23:40+00:00,2025-12-07T06:11+00:00,2025-12-11T01:47+00:00,2025-12-14T21:23+00:00,36.7,180,67,0,437.71,performance,
platform-core-2025-12-04,platform-core,2025-12-04T13:56+00:00,2025-12-08T10:43+00:00,2025-12-12T22:58+00:00,2025-12-17T11:13+00:00,17.8,144,79,1,451.38,features,
platform-core-2025-12-05,platform-core,2025-12-04T20:57+00:00,2025-12-10T05:25+00:00,,,,288,17,3,433.92,performance,platform-core-carry-05
platform-core-2025-12-06,platform-core,2025-12-07T03:53+00:00,2025-12-12T12:22+00:00,,,,230,35,0,451.41,correctness,platform-core-carry-06
platform-core-2025-12-07,platform-core,2025-12-08T02:28+00:00,2025-12-13T10:57+00:00,,,,201,0,3,451.22,correctness,
platform-core-2025-12-08,platform-core,2025-12-10T19:49+00:00,2025-12-15T06:53+00:00,2025-12-20T11:47+00:00,2025-12-25T16:41+00:00,10.0,245,48,1,448.06,features,
platform-core-2025-12-09,platform-core,2025-12-12T14:28+00:00,2025-12-17T15:48+00:00,2025-12-23T13:22+00:00,2025-12-29T10:55+00:00,154941.2,268,49,0,482.87,features,
platform-core-2025-12-10,platform-core,2025-12-13T13:23+00:00,2025-12-19T04:59+00:00,2025-12-25T19:12+00:00,2026-01-01T09:25+00:00,9512.0,358,45,0,463.98,features,
platform-core-2025-12-11,platform-core,2025-12-15T19:41+00:00,2025-12-21T04:09+00:00,,,,150,58,0,463.2,economics,
platform-core-2025-12-12,platform-core,2025-12-16T07:21+00:00,2025-12-22T13:14+00:00,2025-12-29T20:05+00:00,2026-01-06T02:57+00:00,27.1,258,84,1,459.32,performance,
platform-core-2025-12-13,platform-core,2025-12-17T03:13+00:00,2025-12-23T23:23+00:00,2025-12-31T22:54+00:00,2026-01-08T22:25+00:00,94725.6,245,41,1,427.05,features,
platform-core-2025-12-14,platform-core,2025-12-18T14:52+00:00,2025-12-26T01:18+00:00,2026-01-03T17:28+00:00,2026-01-12T09:39+00:00,134397.2,169,50,1,469.44,correctness,
platform-core-2025-12-15,platform-core,2025-12-20T06:48+00:00,2025-12-28T07:30+00:00,2026-01-06T16:20+00:00,2026-01-16T01:09+00:00,30.9,275,60,0,427.43,features,
platform-core-2025-12-16,platform-core,2025-12-24T10:34+00:00,2025-12-29T19:02+00:00,,,,182,63,2,491.71,correctness,platform-core-carry-16
platform-core-2026-01-00,platform-core,2025-12-29T18:33+00:00,2026-01-01T10:48+00:00,2026-01-04T13:44+00:00,2026-01-07T16:41+00:00,50584.4,153,67,1,446.4,performance,
platform-core-2026-01-01,platform-core,2025-12-31T09:45+00:00,2026-01-03T14:50+00:00,2026-01-07T08:45+00:00,2026-01-11T02:41+00:00,25.1,300,95,0,434.17,economics,
platform-core-2026-01-02,platform-core,2026-01-01T01:44+00:00,2026-01-04T19:40+00:00,2026-01-09T04:35+00:00,2026-01-13T13:30+00:00,31.6,210,44,2,461.93,performance,
platform-core-2026-01-03,platform-core,2025-12-31T19:34+00:00,2026-01-06T04:03+00:00,,,,195,47,1,447.04,features,platform-core-carry-03
platform-core-2026-01-04,platform-core,2026-01-03T19:24+00:00,2026-01-08T02:11+00:00,2026-01-13T02:05+00:00,2026-01-18T01:59+00:00,126089.9,316,78,0,437.04,correctness,
platform-core-2026-01-05,platform-core,2026-01-04T10:02+00:00,2026-01-09T18:31+00:00,,,,205,76,1,444.1,features,platform-core-carry-05
platform-core-2026-01-06,platform-core,2026-01-06T09:02+00:00,2026-01-11T17:31+00:00,,,,174,91,2,463.07,correctness,
platform-core-2026-01-07,platform-core,2026-01-07T21:13+00:00,2026-01-12T16:51+00:00,2026-01-18T07:44+00:00,2026-01-23T22:38+00:00,23.8,259,37,0,464.57,economics,
platform-core-2026-01-08,platform-core,2026-01-09T15:05+00:00,2026-01-14T23:34+00:00,2026-01-21T05:27+00:00,2026-01-27T11:20+00:00,36804.6,281,84,1,465.96,features,
platform-core-2026-01-09,platform-core,2026-01-10T04:36+00:00,2026-01-16T01:56+00:00,2026-01-22T22:48+00:00,2026-01-29T19:40+00:00,29008.6,260,28,0,469.77,correctness,
platform-core-2026-01-10,platform-core,2026-01-13T01:29+00:00,2026-01-18T09:58+00:00,2026-01-24T15:51+00:00,,0,264,21,0,440.36,features,
platform-core-2026-01-11,platform-core,2026-01-13T15:33+00:00,2026-01-20T01:43+00:00,2026-01-27T13:34+00:00,2026-02-04T01:26+00:00,138457.6,162,78,0,444.49,correctness,
platform-core-2026-01-12,platform-core,2026-01-16T02:10+00:00,2026-01-21T10:39+00:00,,,,287,69,1,431.66,features,platform-core-carry-12
platform-core-2026-01-13,platform-core,2026-01-16T05:15+00:00,2026-01-23T04:16+00:00,2026-01-31T07:06+00:00,2026-02-08T09:57+00:00,19.1,144,115,1,469.21,features,
platform-core-2026-01-14,platform-core,2026-01-19T02:09+00:00,2026-01-24T10:38+00:00,,,,200,44,2,459.4,performance,
platform-core-2026-01-15,platform-core,2026-01-19T10:26+00:00,2026-01-26T22:18+00:00,2026-02-04T16:08+00:00,2026-02-13T09:58+00:00,126203.0,251,76,1,442.28,features,
platform-core-2026-01-16,platform-core,2026-01-20T01:14+00:00,2026-01-28T01:57+00:00,2026-02-06T10:46+00:00,2026-02-15T19:36+00:00,30.1,171,65,1,479.19,features,
platform-core-2026-01-17,platform-core,2026-01-24T03:19+00:00,2026-01-29T11:48+00:00,,,,231,24,2,485.53,features,
platform-core-2026-02-00,platform-core,2026-01-27T12:05+00:00,2026-02-01T20:34+00:00,,,,241,90,0,414.42,correctness,
platform-core-2026-02-01,platform-core,2026-01-31T20:19+00:00,2026-02-03T12:34+00:00,2026-02-06T15:30+00:00,2026-02-09T18:27+00:00,35.9,236,73,0,419.48,features,
platform-core-2026-02-02,platform-core,2026-02-01T09:01+00:00,2026-02-04T15:32+00:00,2026-02-08T11:07+00:00,2026-02-12T06:43+00:00,41663.2,216,32,1,461.67,performance,
platform-core-2026-02-03,platform-core,2026-02-03T02:42+00:00,2026-02-06T23:30+00:00,2026-02-11T11:44+00:00,2026-02-15T23:59+00:00,57056.5,282,68,1,458.62,features,
platform-core-2026-02-04,platform-core,2026-02-02T19:35+00:00,2026-02-08T04:04+00:00,,,,217,60,0,438.43,economics,platform-core-carry-04
platform-core-2026-02-05,platform-core,2026-02-05T19:26+00:00,2026-02-10T06:30+00:00,2026-02-15T11:24+00:00,2026-02-20T16:18+00:00,19.5,201,76,1,436.97,features,
platform-core-2026-02-06,platform-core,2026-02-06T14:25+00:00,2026-02-11T15:46+00:00,2026-02-17T13:19+00:00,2026-02-23T10:52+00:00,17.5,277,59,1,480.35,features,
platform-core-2026-02-07,platform-core,2026-02-08T00:32+00:00,2026-02-13T16:09+00:00,2026-02-20T06:21+00:00,2026-02-26T20:34+00:00,22.2,85,43,0,451.3,features,
platform-core-2026-02-08,platform-core,2026-02-09T03:03+00:00,2026-02-15T08:57+00:00,2026-02-22T15:48+00:00,2026-03-01T22:40+00:00,126661.6,79,54,0,457.09,correctness,
platform-core-2026-02-09,platform-core,2026-02-11T11:12+00:00,2026-02-16T19:41+00:00,2026-02-23T01:34+00:00,,0,131,19,1,459.93,correctness,
platform-core-2026-02-10,platform-core,2026-02-12T16:05+00:00,2026-02-18T00:34+00:00,,,,204,57,0,402.45,economics,
platform-core-2026-02-11,platform-core,2026-02-14T09:31+00:00,2026-02-19T18:00+00:00,,,,268,82,2,458.34,features,platform-core-carry-11
platform-core-2026-02-12,platform-core,2026-02-16T13:49+00:00,2026-02-21T22:18+00:00,,,,258,26,1,440.84,features,platform-core-carry-12
platform-core-2026-02-13,platform-core,2026-02-16T06:53+00:00,2026-02-23T03:03+00:00,2026-03-03T02:34+00:00,2026-03-11T02:05+00:00,156225.3,204,64,0,450.11,features,
platform-core-2026-02-14,platform-core,2026-02-18T02:29+00:00,2026-02-25T12:56+00:00,2026-03-06T05:06+00:00,2026-03-14T21:16+00:00,59841.6,265,56,2,464.79,performance,
platform-core-2026-02-15,platform-core,2026-02-19T05:13+00:00,2026-02-27T05:56+00:00,2026-03-08T14:45+00:00,2026-03-17T23:35+00:00,12.5,280,42,3,435.75,correctness,
platform-core-2026-03-00,platform-core,2026-02-27T02:13+00:00,2026-03-01T18:28+00:00,2026-03-04T21:24+00:00,2026-03-08T00:21+00:00,14.3,248,70,1,457.39,correctness,
platform-core-2026-03-01,platform-core,2026-02-27T23:55+00:00,2026-03-03T05:00+00:00,2026-03-06T22:56+00:00,2026-03-10T16:51+00:00,17.7,141,99,1,432.38,correctness,
platform-core-2026-03-02,platform-core,2026-03-01T13:24+00:00,2026-03-05T07:20+00:00,2026-03-09T16:15+00:00,2026-03-14T01:10+00:00,92681.1,322,57,0,459.49,correctness,
platform-core-2026-03-03,platform-core,2026-03-01T06:58+00:00,2026-03-06T15:26+00:00,,,,283,80,0,455.16,correctness,platform-core-carry-03
platform-core-2026-03-04,platform-core,2026-03-04T17:44+00:00,2026-03-09T00:30+00:00,2026-03-14T00:25+00:00,2026-03-19T00:19+00:00,197633.1,249,62,1,454.64,features,
platform-core-2026-03-05,platform-core,2026-03-05T00:33+00:00,2026-03-09T20:10+00:00,2026-03-15T11:04+00:00,2026-03-21T01:58+00:00,45774.5,148,21,2,436.44,features,
platform-core-2026-03-06,platform-core,2026-03-06T16:24+00:00,2026-03-12T00:53+00:00,,,,246,98,1,420.25,features,
platform-core-2026-03-07,platform-core,2026-03-08T19:58+00:00,2026-03-14T04:27+00:00,,,,211,25,0,464.04,features,platform-core-carry-07
platform-core-2026-03-08,platform-core,2026-03-10T08:52+00:00,2026-03-15T17:20+00:00,,,,212,37,0,452.51,features,
platform-core-2026-03-09,platform-core,2026-03-12T06:56+00:00,2026-03-17T15:24+00:00,2026-03-23T21:17+00:00,2026-03-30T03:10+00:00,40.0,181,103,1,447.54,features,
platform-core-2026-03-10,platform-core,2026-03-14T04:30+00:00,2026-03-19T12:58+00:00,2026-03-25T18:51+00:00,,0,285,32,0,462.96,performance,
platform-core-2026-03-11,platform-core,2026-03-14T16:44+00:00,2026-03-20T14:03+00:00,2026-03-27T10:56+00:00,2026-04-03T07:48+00:00,36961.8,420,14,2,450.11,economics,
platform-core-2026-03-12,platform-core,2026-03-15T21:28+00:00,2026-03-22T07:38+00:00,2026-03-29T19:29+00:00,2026-04-06T07:21+00:00,16.1,314,88,3,464.54,economics,
platform-core-2026-03-13,platform-core,2026-03-17T03:16+00:00,2026-03-24T02:17+00:00,2026-04-01T05:08+00:00,2026-04-09T07:59+00:00,26.9,163,97,0,439.09,performance,
platform-core-2026-03-14,platform-core,2026-03-18T15:15+00:00,2026-03-26T03:07+00:00,2026-04-03T20:57+00:00,2026-04-12T14:47+00:00,157881.2,261,94,0,452.18,features,
platform-core-2026-03-15,platform-core,2026-03-22T09:29+00:00,2026-03-27T17:57+00:00,,,,256,49,4,408.84,performance,platform-core-carry-15
platform-core-2026-03-16,platform-core,2026-03-21T14:09+00:00,2026-03-29T14:51+00:00,2026-04-07T23:41+00:00,2026-04-17T08:30+00:00,126478.6,277,76,0,466.73,features,
platform-core-2026-04-00,platform-core,2026-03-30T03:52+00:00,2026-04-01T20:07+00:00,2026-04-04T23:03+00:00,2026-04-08T02:00+00:00,199371.9,210,49,1,429.4,features,
platform-core-2026-04-01,platform-core,2026-03-29T01:25+00:00,2026-04-03T09:54+00:00,,,,207,32,0,460.82,economics,platform-core-carry-01
platform-core-2026-04-02,platform-core,2026-04-01T13:33+00:00,2026-04-04T18:38+00:00,2026-04-08T12:33+00:00,2026-04-12T06:29+00:00,26214.8,139,47,1,459.15,correctness,
platform-core-2026-04-03,platform-core,2026-04-02T02:39+00:00,2026-04-05T20:35+00:00,2026-04-10T05:30+00:00,2026-04-14T14:25+00:00,24.8,172,65,0,425.79,correctness,
platform-core-2026-04-04,platform-core,2026-04-03T12:13+00:00,2026-04-07T19:00+00:00,2026-04-12T18:54+00:00,2026-04-17T18:48+00:00,24.4,131,0,0,484.6,economics,
platform-core-2026-04-05,platform-core,2026-04-04T13:39+00:00,2026-04-09T09:17+00:00,2026-04-15T00:10+00:00,2026-04-20T15:04+00:00,77580.3,200,77,0,464.62,features,
platform-core-2026-04-06,platform-core,2026-04-05T17:23+00:00,2026-04-11T01:52+00:00,,,,273,72,2,458.51,features,platform-core-carry-06
platform-core-2026-04-07,platform-core,2026-04-07T13:02+00:00,2026-04-12T21:31+00:00,2026-04-19T03:24+00:00,2026-04-25T09:17+00:00,144298.4,288,65,0,428.84,performance,
platform-core-2026-04-08,platform-core,2026-04-08T20:35+00:00,2026-04-14T05:04+00:00,,,,311,101,2,466.54,features,
platform-core-2026-04-09,platform-core,2026-04-09T21:36+00:00,2026-04-15T18:56+00:00,2026-04-22T15:48+00:00,2026-04-29T12:40+00:00,36.5,152,34,0,467.93,features,
platform-core-2026-04-10,platform-core,2026-04-11T08:50+00:00,2026-04-17T19:00+00:00,2026-04-25T06:51+00:00,2026-05-02T18:43+00:00,110381.5,261,22,2,410.78,features,
platform-core-2026-04-11,platform-core,2026-04-12T04:01+00:00,2026-04-19T03:02+00:00,2026-04-27T05:52+00:00,2026-05-05T08:43+00:00,129640.7,275,61,0,453.84,features,
platform-core-2026-04-12,platform-core,2026-04-13T10:54+00:00,2026-04-20T22:46+00:00,2026-04-29T16:36+00:00,2026-05-08T10:26+00:00,14.6,228,47,3,452.65,performance,
platform-core-2026-04-13,platform-core,2026-04-14T10:38+00:00,2026-04-22T11:21+00:00,2026-05-01T20:10+00:00,2026-05-11T05:00+00:00,16.6,173,68,1,445.24,performance,
platform-core-2026-04-14,platform-core,2026-04-19T04:46+00:00,2026-04-24T13:15+00:00,,,,221,73,1,450.27,features,platform-core-carry-14
platform-core-2026-04-15,platform-core,2026-04-20T12:27+00:00,2026-04-25T20:56+00:00,2026-05-02T02:49+00:00,,0,221,103,1,439.33,features,
platform-core-2026-04-16,platform-core,2026-04-22T04:03+00:00,2026-04-27T12:32+00:00,,,,146,98,0,417.66,correctness,
platform-core-2026-04-17,platform-core,2026-04-23T15:17+00:00,2026-04-28T23:46+00:00,,,,205,79,1,479.35,correctness,
